"0","length_all = myHYS_E4 %>% pull(ID)%>%unique()%>%length()"
"0",""
"0","length_latlon_clus = myHYS_E4 %>% pull(ID)%>% unique() %>% length()"
"0",""
"0","length_radial_all = myHYS_E4 %>%"
"0","  dplyr::full_join(., clus_IDs)%>%"
"0","  pull(ID)%>%unique()%>%length()"
"1","[38;5;254mJoining with `by = join_by(ID)`[39m
"
"0","length_radial_filtered = myHYS_E4 %>%"
"0","  dplyr::full_join(., clus_IDs)%>%"
"0","  dplyr::filter(!(ID %in% IDs_multicross))%>%"
"0","  #dplyr::filter(!is.na(cluster))%>%"
"0","  pull(ID)%>%unique()%>%length()"
"1","[38;5;254mJoining with `by = join_by(ID)`[39m
"
